"Reference","Value","Datasheet","Footprint","Qty","DNP"
"C1,C2,C5,C6,C7,C8,C12,C13","10uF","~","Capacitor_SMD:C_0603_1608Metric","8",""
"C3,C4","100nF","~","Capacitor_SMD:C_0603_1608Metric","2",""
"C11","2.2uF","~","Capacitor_SMD:C_0603_1608Metric","1",""
"D1,D4","LED","~","LED_SMD:LED_0603_1608Metric","2",""
"J1,J2,J3,J4,J5,J6","~","~","Connector_PinSocket_2.54mm:PinSocket_1x22_P2.54mm_Vertical","6",""
"J7","Screw_Terminal_01x08","~","TerminalBlock_Altech:Altech_AK100_1x08_P5.00mm","1",""
"J8","Screw_Terminal_01x02","~","TerminalBlock:TerminalBlock_MaiXu_MX126-5.0-02P_1x02_P5.00mm","1",""
"J9,J10,J11","Conn_01x03_Pin","~","Connector_JST:JST_XH_S3B-XH-A_1x03_P2.50mm_Horizontal","3",""
"R1,R2,R8,R9,R10,R11,R12,R13","R","~","Resistor_SMD:R_0603_1608Metric","8",""
"R3,R18","1M","~","Resistor_SMD:R_0603_1608Metric","2",""
"R4,R19","200k","~","Resistor_SMD:R_0603_1608Metric","2",""
"R5,R20","5.1k","~","Resistor_SMD:R_0603_1608Metric","2",""
"R6,R16,R17","10k","~","Resistor_SMD:R_0603_1608Metric","3",""
"R7","5k","~","Resistor_SMD:R_0603_1608Metric","1",""
"U1,U4,U5,U6","TPS22810DRV","http://www.ti.com/lit/ds/symlink/tps22810.pdf","Package_SON:WSON-6-1EP_2x2mm_P0.65mm_EP1x1.6mm","4",""
"U2,U9","TLV75801PDRV","https://www.ti.com/lit/ds/symlink/tlv758p.pdf","Package_SON:WSON-6-1EP_2x2mm_P0.65mm_EP1x1.6mm","2",""
"U3","ACS712xLCTR-30A","http://www.allegromicro.com/~/media/Files/Datasheets/ACS712-Datasheet.ashx?la=en","Package_SO:SOIC-8_3.9x4.9mm_P1.27mm","1",""
"U8","ADS1115IDGS","http://www.ti.com/lit/ds/symlink/ads1113.pdf","Package_SO:TSSOP-10_3x3mm_P0.5mm","1",""
