"Reference","Value","Datasheet","Footprint","Qty","DNP"
"C0,C15,C16,C17,C19","1uF","~","Capacitor_THT:CP_Radial_D4.0mm_P2.00mm","5",""
"C1,C6,C7,C8","1nF","~","Capacitor_SMD:C_0603_1608Metric","4",""
"C3,C12","10uF","~","-- mixed values --","2",""
"C4","100nF","~","Capacitor_SMD:C_0603_1608Metric","1",""
"C9,C10,C14,C18","20uF","~","Capacitor_THT:CP_Radial_D4.0mm_P2.00mm","4",""
"C11","2.2uF","~","Capacitor_SMD:C_0603_1608Metric","1",""
"D4","LED","~","LED_SMD:LED_0603_1608Metric","1",""
"J1,J2,J3,J4,J5,J6","~","~","Connector_PinSocket_2.54mm:PinSocket_1x22_P2.54mm_Vertical","6",""
"J7","Screw_Terminal_01x08","~","TerminalBlock_Altech:Altech_AK100_1x08_P5.00mm","1",""
"J8","Screw_Terminal_01x02","~","TerminalBlock:TerminalBlock_MaiXu_MX126-5.0-02P_1x02_P5.00mm","1",""
"J9,J10,J11","Conn_01x03_Pin","~","Connector_JST:JST_XH_S3B-XH-A_1x03_P2.50mm_Horizontal","3",""
"R6,R14,R16,R17,R21,R23,R25","10k","~","Resistor_SMD:R_0603_1608Metric","7",""
"R20","5.1k","~","Resistor_SMD:R_0603_1608Metric","1",""
"U1","L7805","http://www.st.com/content/ccc/resource/technical/document/datasheet/41/4f/b3/b0/12/d4/47/88/CD00000444.pdf/files/CD00000444.pdf/jcr:content/translations/en.CD00000444.pdf","Package_TO_SOT_THT:TO-220-3_Vertical","1",""
"U3","ACS712xLCTR-30A","http://www.allegromicro.com/~/media/Files/Datasheets/ACS712-Datasheet.ashx?la=en","Package_SO:SOIC-8_3.9x4.9mm_P1.27mm","1",""
"U8","ADS1115IDGS","http://www.ti.com/lit/ds/symlink/ads1113.pdf","Package_SO:TSSOP-10_3x3mm_P0.5mm","1",""
"U9,U10,U11,U12","TPS22810TDBVRQ1","","TPS22810TDBVRQ1:SOT95P280X145-6N","4",""
